S.No,Computer Name,DNS Name,Operating System,Version
1,SIC_00_4349_00,SIC_00_4349_00.scr2008.local,Windows 11 Pro,10.0 (26200)
2,SIC_00_4349_01,SIC_00_4349_01.scr2008.local,Windows 10 Pro,10.0 (19045)
3,SIC_00_4349_05,SIC_00_4349_05.scr2008.local,Windows 11 Pro,10.0 (22631)
4,SIC_00_4349_06,SIC_00_4349_06.scr2008.local,Windows 10 Pro,10.0 (19045)
5,SIC_00_4349_10,SIC_00_4349_10.scr2008.local,Windows 11 Pro,10.0 (26200)
6,SIC_00_4349_12,SIC_00_4349_12.scr2008.local,Windows 10 Pro,10.0 (19045)
7,SIC_00_4349_14,SIC_00_4349_14.scr2008.local,Windows 10 Pro,10.0 (19045)
8,SIC_00_4349_15,SIC_00_4349_15.scr2008.local,Windows 10 Pro,10.0 (19045)
9,SIC_00_4349_18,SIC_00_4349_18.scr2008.local,Windows 11 Pro,10.0 (26200)
10,SIC_00_4349_20,SIC_00_4349_20.scr2008.local,Windows 10 Pro,10.0 (19045)
11,SIC_00_4349_21,SIC_00_4349_21.scr2008.local,Windows 11 Pro,10.0 (26100)
12,SIC_01_4349_00,SIC_01_4349_00.scr2008.local,Windows 11 Pro,10.0 (26200)
13,SIC_01_4349_02,SIC_01_4349_02.scr2008.local,Windows 11 Pro,10.0 (26200)
14,SIC_01_4349_03,SIC_01_4349_03.scr2008.local,Windows 11 Pro,10.0 (26200)
15,SIC_01_4349_04,SIC_01_4349_04.scr2008.local,Windows 11 Pro,10.0 (26200)
16,SIC_01_4349_05,SIC_01_4349_05.scr2008.local,Windows 11 Pro,10.0 (26200)
17,SIC_01_4349_06,SIC_01_4349_06.scr2008.local,Windows 11 Pro,10.0 (26200)
18,SIC_01_4349_08,SIC_01_4349_08.scr2008.local,Windows 11 Pro,10.0 (26200)
19,SIC_01_4349_09,SIC_01_4349_09.scr2008.local,Windows 11 Pro,10.0 (26100)
20,SIC_01_4349_10,SIC_01_4349_10.scr2008.local,Windows 10 Pro,10.0 (19045)
21,SIC_01_4349_12,SIC_01_4349_12.scr2008.local,Windows 11 Pro,10.0 (26100)
22,SIC_01_4349_13,SIC_01_4349_13.scr2008.local,Windows 10 Pro,10.0 (19045)
23,SIC_01_4349_17,SIC_01_4349_17.scr2008.local,Windows 10 Pro,10.0 (19045)
24,SIC_01_4349_18,SIC_01_4349_18.scr2008.local,Windows 10 Pro,10.0 (19045)
25,SIC_01_4349_19,SIC_01_4349_19.scr2008.local,Windows 11 Pro,10.0 (26200)
26,SIC_01_4349_21,SIC_01_4349_21.scr2008.local,Windows 11 Pro,10.0 (26200)
27,SIC_01_4349_97,SIC_01_4349_97.scr2008.local,Windows 10 Pro,10.0 (19045)
28,SIC_02_4349_00,sic_02_4349_00.scr2008.local,Windows 10 Pro,10.0 (19045)
29,SIC_02_4349_01,SIC_02_4349_01.scr2008.local,Windows 10 Pro,10.0 (19045)
30,SIC_02_4349_03,SIC_02_4349_03.scr2008.local,Windows 10 Pro,10.0 (19045)
31,SIC_02_4349_04,SIC_02_4349_04.scr2008.local,Windows 10 Pro,10.0 (19045)
32,SIC_02_4349_06,SIC_02_4349_06.scr2008.local,Windows 11 Pro,10.0 (26200)
33,SIC_02_4349_07,SIC_02_4349_07.scr2008.local,Windows 10 Pro,10.0 (19045)
34,SIC_02_4349_08,SIC_02_4349_08.scr2008.local,Windows 10 Pro,10.0 (19045)
35,SIC_02_4349_09,SIC_02_4349_09.scr2008.local,Windows 11 Pro,10.0 (26200)
36,SIC_02_4349_10,SIC_02_4349_10.scr2008.local,Windows 10 Pro,10.0 (19045)
37,SIC_02_4349_13,SIC_02_4349_13.scr2008.local,Windows 10 Pro,10.0 (19045)
38,SIC_02_4349_14,SIC_02_4349_14.scr2008.local,Windows 10 Pro,10.0 (19045)
39,SIC_02_4349_15,SIC_02_4349_15.scr2008.local,Windows 10 Pro,10.0 (19045)
40,SIC_02_4349_17,SIC_02_4349_17.scr2008.local,Windows 11 Pro,10.0 (26200)
41,SIC_02_4349_18,SIC_02_4349_18.scr2008.local,Windows 11 Pro,10.0 (26200)
42,SIC_02_4349_19,SIC_02_4349_19.scr2008.local,Windows 10 Pro,10.0 (19045)
43,SIC_02_4349_21,SIC_02_4349_21.scr2008.local,Windows 10 Pro,10.0 (19045)
44,SIC_02_4349_97,SIC_02_4349_97.scr2008.local,Windows 10 Pro,10.0 (19045)
45,SIC_03_4349_00,SIC_03_4349_00.scr2008.local,Windows 10 Pro,10.0 (19045)
46,SIC_03_4349_01,SIC_03_4349_01.scr2008.local,Windows 10 Pro,10.0 (19045)
47,SIC_03_4349_03,SIC_03_4349_03.scr2008.local,Windows 10 Pro,10.0 (19045)
48,SIC_03_4349_04,SIC_03_4349_04.scr2008.local,Windows 11 Pro,10.0 (26200)
49,SIC_03_4349_06,SIC_03_4349_06.scr2008.local,Windows 11 Pro,10.0 (26200)
50,SIC_03_4349_07,SIC_03_4349_07.scr2008.local,Windows 10 Pro,10.0 (19045)
51,SIC_03_4349_08,SIC_03_4349_08.scr2008.local,Windows 10 Pro,10.0 (19045)
52,SIC_03_4349_09,SIC_03_4349_09.scr2008.local,Windows 10 Pro,10.0 (19045)
53,SIC_03_4349_12,SIC_03_4349_12.scr2008.local,Windows 11 Pro,10.0 (26200)
54,SIC_03_4349_16,SIC_03_4349_16.scr2008.local,Windows 10 Pro,10.0 (19045)
55,SIC_03_4349_17,SIC_03_4349_17.scr2008.local,Windows 10 Pro,10.0 (19045)
56,SIC_03_4349_19,SIC_03_4349_19.scr2008.local,Windows 10 Pro,10.0 (19045)
57,SIC_03_4349_97,SIC_03_4349_97.scr2008.local,Windows 10 Pro,10.0 (19045)
58,SIC_04_4349_00,SIC_04_4349_00.scr2008.local,Windows 11 Pro,10.0 (26200)
59,SIC_04_4349_01,SIC_04_4349_01.scr2008.local,Windows 11 Pro,10.0 (26200)
60,SIC_04_4349_02,SIC_04_4349_02.scr2008.local,Windows 10 Pro,10.0 (19045)
61,SIC_04_4349_04,SIC_04_4349_04.scr2008.local,Windows 11 Pro,10.0 (26200)
62,SIC_04_4349_05,SIC_04_4349_05.scr2008.local,Windows 10 Pro,10.0 (19045)
63,SIC_04_4349_12,SIC_04_4349_12.scr2008.local,Windows 10 Pro,10.0 (19045)
64,SIC_04_4349_16,SIC_04_4349_16.scr2008.local,Windows 11 Pro,10.0 (26200)
65,SIC_04_4349_97,SIC_04_4349_97.scr2008.local,Windows 10 Pro,10.0 (19045)
66,SIC_05_4349_00,SIC_05_4349_00.scr2008.local,Windows 10 Pro,10.0 (19045)
67,SIC_05_4349_02,SIC_05_4349_02.scr2008.local,Windows 11 Pro,10.0 (26200)
68,SIC_05_4349_03,SIC_05_4349_03.scr2008.local,Windows 11 Pro,10.0 (26200)
69,SIC_05_4349_04,SIC_05_4349_04.scr2008.local,Windows 10 Pro,10.0 (19045)
70,SIC_05_4349_05,SIC_05_4349_05.scr2008.local,Windows 10 Pro,10.0 (19045)
71,SIC_05_4349_06,SIC_05_4349_06.scr2008.local,Windows 11 Pro,10.0 (26200)
72,SIC_05_4349_07,SIC_05_4349_07.scr2008.local,Windows 11 Pro,10.0 (26200)
73,SIC_05_4349_12,SIC_05_4349_12.scr2008.local,Windows 10 Pro,10.0 (19045)
74,SIC_05_4349_13,SIC_05_4349_13.scr2008.local,Windows 11 Pro,10.0 (26200)
75,SIC_05_4349_16,SIC_05_4349_16.scr2008.local,Windows 11 Pro,10.0 (26200)
76,SIC_05_4349_97,SIC_05_4349_97.scr2008.local,Windows 11 Pro,10.0 (26200)
77,SIC_06_4349_00,SIC_06_4349_00.scr2008.local,Windows 11 Pro,10.0 (26200)
78,SIC_06_4349_03,SIC_06_4349_03.scr2008.local,Windows 11 Pro,10.0 (26200)
79,SIC_06_4349_04,SIC_06_4349_04.scr2008.local,Windows 10 Pro,10.0 (19045)
80,SIC_06_4349_07,SIC_06_4349_07.scr2008.local,Windows 10 Pro,10.0 (19045)
81,SIC_06_4349_97,SIC_06_4349_97.scr2008.local,Windows 11 Pro,10.0 (26200)
82,SIC_07_4349_00,SIC_07_4349_00.scr2008.local,Windows 11 Pro,10.0 (26200)
83,SIC_07_4349_01,SIC_07_4349_01.scr2008.local,Windows 10 Pro,10.0 (19045)
84,SIC_07_4349_03,SIC_07_4349_03.scr2008.local,Windows 11 Pro,10.0 (26200)
85,SIC_07_4349_04,SIC_07_4349_04.scr2008.local,Windows 10 Pro,10.0 (19045)
86,SIC_07_4349_05,SIC_07_4349_05.scr2008.local,Windows 10 Pro,10.0 (19045)
87,SIC_07_4349_06,SIC_07_4349_06.scr2008.local,Windows 10 Pro,10.0 (19045)
88,SIC_08_4349_06,SIC_08_4349_06.scr2008.local,Windows 10 Pro,10.0 (19045)
89,SIC_08_4349_09,SIC_08_4349_09.scr2008.local,Windows 10 Pro,10.0 (19045)
90,SIC_08_4349_13,SIC_08_4349_13.scr2008.local,Windows 11 Pro,10.0 (22631)
91,SIC_09_4349_00,SIC_09_4349_00.scr2008.local,Windows 10 Pro,10.0 (19045)
92,SIC_09_4349_01,SIC_09_4349_01.scr2008.local,Windows 11 Pro,10.0 (26200)
93,SIC_09_4349_05,SIC_09_4349_05.scr2008.local,Windows 10 Pro,10.0 (19045)
94,SIC_09_4349_06,SIC_09_4349_06.scr2008.local,Windows 11 Pro,10.0 (26200)
95,SIC_09_4349_08,SIC_09_4349_08.scr2008.local,Windows 10 Pro,10.0 (19045)
96,SIC_09_4349_13,SIC_09_4349_13.scr2008.local,Windows 10 Pro,10.0 (19045)
97,SIC_100_4349_00,SIC_100_4349_00.scr2008.local,Windows 10 Pro,10.0 (19045)
98,SIC_101_4349_00,SIC_101_4349_00.scr2008.local,Windows 11 Pro,10.0 (26200)
99,SIC_102_4349_00,SIC_102_4349_00.scr2008.local,Windows 11 Pro,10.0 (26200)
100,SIC_104_4349_00,SIC_104_4349_00.scr2008.local,Windows 10 Pro,10.0 (19045)
101,SIC_105_4349_00,SIC_105_4349_00.scr2008.local,Windows 11 Pro,10.0 (26200)
102,SIC_106_4349_00,SIC_106_4349_00.scr2008.local,Windows 10 Pro,10.0 (19045)
103,SIC_107_4349_00,SIC_107_4349_00.scr2008.local,Windows 10 Pro,10.0 (19045)
104,SIC_109_4349_00,SIC_109_4349_00.scr2008.local,Windows 11 Pro,10.0 (26200)
105,SIC_10_4349_00,SIC_10_4349_00.scr2008.local,Windows 10 Pro,10.0 (19045)
106,SIC_10_4349_05,SIC_10_4349_05.scr2008.local,Windows 10 Pro,10.0 (19045)
107,SIC_10_4349_06,SIC_10_4349_06.scr2008.local,Windows 11 Pro,10.0 (26200)
108,SIC_10_4349_08,SIC_10_4349_08.scr2008.local,Windows 10 Pro,10.0 (19045)
109,SIC_110_4349_00,SIC_110_4349_00.scr2008.local,Windows 11 Pro,10.0 (26200)
110,SIC_111_4349_00,SIC_111_4349_00.scr2008.local,Windows 11 Pro,10.0 (26200)
111,SIC_112_4349_00,SIC_112_4349_00.scr2008.local,Windows 11 Pro,10.0 (26200)
112,SIC_113_4349_00,SIC_113_4349_00.scr2008.local,Windows 11 Pro,10.0 (26200)
113,SIC_114_4349_00,SIC_114_4349_00.scr2008.local,Windows 11 Pro,10.0 (26200)
114,SIC_11_4349_00,SIC_11_4349_00.scr2008.local,Windows 11 Pro,10.0 (22631)
115,SIC_120_4349_00,SIC_120_4349_00.scr2008.local,Windows 11 Pro,10.0 (26200)
116,SIC_127_4349_00,SIC_127_4349_00.scr2008.local,Windows 10 Pro,10.0 (19045)
117,SIC_12_4349_00,SIC_12_4349_00.scr2008.local,Windows 11 Pro,10.0 (26200)
118,SIC_12_4349_01,SIC_12_4349_01.scr2008.local,Windows 10 Pro,10.0 (19045)
119,SIC_12_4349_06,SIC_12_4349_06.scr2008.local,Windows 11 Pro,10.0 (26200)
120,SIC_130_4349_00,SIC_130_4349_00.scr2008.local,Windows 10 Pro,10.0 (19045)
121,SIC_136_4349_00,SIC_136_4349_00.scr2008.local,Windows 11 Pro,10.0 (26200)
122,SIC_13_4349_00,SIC_13_4349_00.scr2008.local,Windows 11 Pro,10.0 (26200)
123,SIC_13_4349_02,SIC_13_4349_02.scr2008.local,Windows 10 Pro,10.0 (19045)
124,SIC_14_4349_00,SIC_14_4349_00.scr2008.local,Windows 11 Pro,10.0 (26200)
125,SIC_14_4349_02,SIC_14_4349_02.scr2008.local,Windows 11 Pro,10.0 (26200)
126,SIC_14_4349_04,SIC_14_4349_04.scr2008.local,Windows 11 Pro,10.0 (26200)
127,SIC_14_4349_06,SIC_14_4349_06.scr2008.local,Windows 10 Pro,10.0 (19045)
128,SIC_15_4349_00,SIC_15_4349_00.scr2008.local,Windows 11 Pro,10.0 (26200)
129,SIC_15_4349_02,SIC_15_4349_02.scr2008.local,Windows 11 Pro,10.0 (26200)
130,SIC_15_4349_04,SIC_15_4349_04.scr2008.local,Windows 11 Pro,10.0 (22631)
131,SIC_15_4349_06,SIC_15_4349_06.scr2008.local,Windows 11 Pro,10.0 (26200)
132,SIC_16_4349_00,SIC_16_4349_00.scr2008.local,Windows 11 Pro,10.0 (26200)
133,SIC_16_4349_06,SIC_16_4349_06.scr2008.local,Windows 11 Pro,10.0 (26100)
134,SIC_17_4349_00,SIC_17_4349_00.scr2008.local,Windows 10 Pro,10.0 (19045)
135,SIC_17_4349_01,SIC_17_4349_01.scr2008.local,Windows 10 Pro,10.0 (19045)
136,SIC_17_4349_04,SIC_17_4349_04.scr2008.local,Windows 10 Pro,10.0 (19045)
137,SIC_17_4349_06,SIC_17_4349_06.scr2008.local,Windows 11 Pro,10.0 (26200)
138,SIC_18_4349_00,SIC_18_4349_00.scr2008.local,Windows 11 Pro,10.0 (26200)
139,SIC_18_4349_02,SIC_18_4349_02.scr2008.local,Windows 10 Pro,10.0 (19045)
140,SIC_18_4349_06,SIC_18_4349_06.scr2008.local,Windows 10 Pro,10.0 (19045)
141,SIC_19_4349_00,SIC_19_4349_00.scr2008.local,Windows 11 Pro,10.0 (26200)
142,SIC_19_4349_02,SIC_19_4349_02.scr2008.local,Windows 10 Pro,10.0 (19045)
143,SIC_19_4349_04,SIC_19_4349_04.scr2008.local,Windows 11 Pro,10.0 (26200)
144,SIC_19_4349_06,SIC_19_4349_06.scr2008.local,Windows 10 Pro,10.0 (19045)
145,SIC_20_4349_00,SIC_20_4349_00.scr2008.local,Windows 11 Pro,10.0 (26200)
146,SIC_20_4349_04,SIC_20_4349_04.scr2008.local,Windows 10 Pro,10.0 (19045)
147,SIC_21_4349_00,SIC_21_4349_00.scr2008.local,Windows 11 Pro,10.0 (26200)
148,SIC_21_4349_04,SIC_21_4349_04.scr2008.local,Windows 10 Pro,10.0 (19045)
149,SIC_22_4349_00,SIC_22_4349_00.scr2008.local,Windows 11 Pro,10.0 (26200)
150,SIC_23_4349_00,SIC_23_4349_00.scr2008.local,Windows 10 Pro,10.0 (19045)
151,SIC_23_4349_02,SIC_23_4349_02.scr2008.local,Windows 10 Pro,10.0 (19045)
152,SIC_24_4349_00,SIC_24_4349_00.scr2008.local,Windows 10 Pro,10.0 (19045)
153,SIC_24_4349_02,SIC_24_4349_02.scr2008.local,Windows 10 Pro,10.0 (19045)
154,SIC_25_4349_00,SIC_25_4349_00.scr2008.local,Windows 11 Pro,10.0 (26200)
155,SIC_25_4349_02,SIC_25_4349_02.scr2008.local,Windows 10 Pro,10.0 (19045)
156,SIC_26_4349_00,SIC_26_4349_00.scr2008.local,Windows 11 Pro,10.0 (26200)
157,SIC_26_4349_02,SIC_26_4349_02.scr2008.local,Windows 10 Pro,10.0 (19045)
158,SIC_26_4349_06,SIC_26_4349_06.scr2008.local,Windows 10 Pro,10.0 (19045)
159,SIC_27_4349_00,SIC_27_4349_00.scr2008.local,Windows 10 Pro,10.0 (19045)
160,SIC_27_4349_02,SIC_27_4349_02.scr2008.local,Windows 11 Pro,10.0 (26200)
161,SIC_28_4349_00,SIC_28_4349_00.scr2008.local,Windows 11 Pro,10.0 (26200)
162,SIC_28_4349_02,SIC_28_4349_02.scr2008.local,Windows 11 Pro,10.0 (26200)
163,SIC_29_4349_00,SIC_29_4349_00.scr2008.local,Windows 11 Pro,10.0 (26200)
164,SIC_29_4349_06,SIC_29_4349_06.scr2008.local,Windows 10 Pro,10.0 (19045)
165,SIC_30_4349_00,SIC_30_4349_00.scr2008.local,Windows 11 Pro,10.0 (26200)
166,SIC_30_4349_06,SIC_30_4349_06.scr2008.local,Windows 11 Pro,10.0 (26200)
167,SIC_32_4349_00,SIC_32_4349_00.scr2008.local,Windows 11 Pro,10.0 (26200)
168,SIC_33_4349_00,SIC_33_4349_00.scr2008.local,Windows 11 Pro,10.0 (26200)
169,SIC_33_4349_06,SIC_33_4349_06.scr2008.local,Windows 10 Pro,10.0 (19045)
170,SIC_34_4349_06,SIC_34_4349_06.scr2008.local,Windows 11 Pro,10.0 (26200)
171,SIC_35_4349_00,SIC_35_4349_00.scr2008.local,Windows 11 Pro,10.0 (26200)
172,SIC_35_4349_06,SIC_35_4349_06.scr2008.local,Windows 10 Pro,10.0 (19045)
173,SIC_36_4349_00,SIC_36_4349_00.scr2008.local,Windows 11 Pro,10.0 (26200)
174,SIC_37_4349_00,SIC_37_4349_00.scr2008.local,Windows 11 Pro,10.0 (26200)
175,SIC_38_4349_00,SIC_38_4349_00.scr2008.local,Windows 10 Pro,10.0 (19045)
176,SIC_38_4349_06,SIC_38_4349_06.scr2008.local,Windows 11 Pro,10.0 (26200)
177,SIC_39_4349_00,SIC_39_4349_00.scr2008.local,Windows 11 Pro,10.0 (26200)
178,SIC_39_4349_06,SIC_39_4349_06.scr2008.local,Windows 10 Pro,10.0 (19045)
179,SIC_40_4349_00,SIC_40_4349_00.scr2008.local,Windows 10 Pro,10.0 (19045)
180,SIC_40_4349_06,SIC_40_4349_06.scr2008.local,Windows 10 Pro,10.0 (19045)
181,SIC_41_4349_00,SIC_41_4349_00.scr2008.local,Windows 11 Pro,10.0 (26200)
182,SIC_41_4349_06,SIC_41_4349_06.scr2008.local,Windows 10 Pro,10.0 (19045)
183,SIC_42_4349_00,SIC_42_4349_00.scr2008.local,Windows 11 Pro,10.0 (26200)
184,SIC_42_4349_06,SIC_42_4349_06.scr2008.local,Windows 11 Pro,10.0 (22631)
185,SIC_44_4349_00,SIC_44_4349_00.scr2008.local,Windows 10 Pro,10.0 (19045)
186,SIC_46_4349_00,SIC_46_4349_00.scr2008.local,Windows 11 Pro,10.0 (26200)
187,SIC_47_4349_00,SIC_47_4349_00.scr2008.local,Windows 10 Pro,10.0 (19045)
188,SIC_48_4349_00,SIC_48_4349_00.scr2008.local,Windows 11 Pro,10.0 (26200)
189,SIC_50_4349_00,SIC_50_4349_00.scr2008.local,Windows 11 Pro,10.0 (26200)
190,SIC_51_4349_00,SIC_51_4349_00.scr2008.local,Windows 10 Pro,10.0 (19045)
191,SIC_52_4349_00,SIC_52_4349_00.scr2008.local,Windows 10 Pro,10.0 (19045)
192,SIC_53_4349_00,SIC_53_4349_00.scr2008.local,Windows 11 Pro,10.0 (26200)
193,SIC_54_4349_00,SIC_54_4349_00.scr2008.local,Windows 11 Pro,10.0 (26200)
194,SIC_55_4349_00,SIC_55_4349_00.scr2008.local,Windows 11 Pro,10.0 (26200)
195,SIC_56_4349_00,SIC_56_4349_00.scr2008.local,Windows 11 Pro,10.0 (26200)
196,SIC_57_4349_00,SIC_57_4349_00.scr2008.local,Windows 11 Pro,10.0 (26200)
197,SIC_59_4349_00,SIC_59_4349_00.scr2008.local,Windows 11 Pro,10.0 (26200)
198,SIC_60_4349_00,SIC_60_4349_00.scr2008.local,Windows 11 Pro,10.0 (26200)
199,SIC_61_4349_00,SIC_61_4349_00.scr2008.local,Windows 10 Pro,10.0 (19044)
200,SIC_62_4349_00,SIC_62_4349_00.scr2008.local,Windows 11 Pro,10.0 (26200)
201,SIC_63_4349_00,SIC_63_4349_00.scr2008.local,Windows 10 Pro,10.0 (19045)
202,SIC_64_4349_00,SIC_64_4349_00.scr2008.local,Windows 11 Pro,10.0 (26200)
203,SIC_65_4349_00,SIC_65_4349_00.scr2008.local,Windows 11 Pro,10.0 (26200)
204,SIC_66_4349_00,SIC_66_4349_00.scr2008.local,Windows 11 Pro,10.0 (26200)
205,SIC_67_4349_00,SIC_67_4349_00.scr2008.local,Windows 11 Pro,10.0 (26200)
206,SIC_68_4349_00,SIC_68_4349_00.scr2008.local,Windows 10 Pro,10.0 (19045)
207,SIC_69_4349_00,SIC_69_4349_00.scr2008.local,Windows 10 Pro,10.0 (19045)
208,SIC_70_4349_00,SIC_70_4349_00.scr2008.local,Windows 10 Pro,10.0 (19045)
209,SIC_71_4349_00,SIC_71_4349_00.scr2008.local,Windows 10 Pro,10.0 (19045)
210,SIC_72_4349_00,SIC_72_4349_00.scr2008.local,Windows 10 Pro,10.0 (19045)
211,SIC_73_4349_00,SIC_73_4349_00.scr2008.local,Windows 11 Pro,10.0 (26200)
212,SIC_74_4349_00,SIC_74_4349_00.scr2008.local,Windows 11 Pro,10.0 (26200)
213,SIC_75_4349_00,SIC_75_4349_00.scr2008.local,Windows 11 Pro,10.0 (26200)
214,SIC_76_4349_00,SIC_76_4349_00.scr2008.local,Windows 10 Pro,10.0 (19045)
215,SIC_77_4349_00,SIC_77_4349_00.scr2008.local,Windows 11 Pro,10.0 (26200)
216,SIC_78_4349_00,SIC_78_4349_00.scr2008.local,Windows 11 Pro,10.0 (26200)
217,SIC_79_4349_00,SIC_79_4349_00.scr2008.local,Windows 10 Pro,10.0 (19045)
218,SIC_81_4349_00,SIC_81_4349_00.scr2008.local,Windows 10 Pro,10.0 (19045)
219,SIC_82_4349_00,SIC_82_4349_00.scr2008.local,Windows 11 Pro,10.0 (26200)
220,SIC_83_4349_00,SIC_83_4349_00.scr2008.local,Windows 10 Pro,10.0 (19045)
221,SIC_84_4349_00,SIC_84_4349_00.scr2008.local,Windows 10 Pro,10.0 (19045)
222,SIC_85_4349_00,SIC_85_4349_00.scr2008.local,Windows 11 Pro,10.0 (26200)
223,SIC_86_4349_00,SIC_86_4349_00.scr2008.local,Windows 10 Pro,10.0 (19045)
224,SIC_87_4349_00,SIC_87_4349_00.scr2008.local,Windows 10 Pro,10.0 (19045)
225,SIC_88_4349_00,SIC_88_4349_00.scr2008.local,Windows 10 Pro,10.0 (19045)
226,SIC_89_4349_00,SIC_89_4349_00.scr2008.local,Windows 10 Pro,10.0 (19045)
227,SIC_90_4349_00,SIC_90_4349_00.scr2008.local,Windows 11 Pro,10.0 (26200)
228,SIC_91_4349_00,SIC_91_4349_00.scr2008.local,Windows 11 Pro,10.0 (26200)
229,SIC_92_4349_00,SIC_92_4349_00.scr2008.local,Windows 11 Pro,10.0 (26200)
230,SIC_93_4349_00,SIC_93_4349_00.scr2008.local,Windows 11 Pro,10.0 (26100)
231,SIC_94_4349_00,SIC_94_4349_00.scr2008.local,Windows 10 Pro,10.0 (19045)
232,SIC_95_4349_00,SIC_95_4349_00.scr2008.local,Windows 11 Pro,10.0 (26200)
233,SIC_96_4349_00,SIC_96_4349_00.scr2008.local,Windows 10 Pro,10.0 (19045)
234,SIC_97_4349_00,SIC_97_4349_00.scr2008.local,Windows 11 Pro,10.0 (26200)
235,SIC_98_4349_00,SIC_98_4349_00.scr2008.local,Windows 10 Pro,10.0 (19045)
236,SIC_99_4349_00,SIC_99_4349_00.scr2008.local,Windows 11 Pro,10.0 (26200)
